Date,Prev Close,Open Price,High Price,Low Price,Last Price,Close,Average Price,Total Traded Quantity,Turnover,No. of Trades,Deliverable Qty,% Dly Qt to Traded Qty
26-Oct-2017,202.05,212,231.45,201.1,218,213.6,213.21,124669249,26580974703.1,530017,10942333,8.78
27-Oct-2017,213.6,214,214,195.25,197.3,196.65,202.24,39213574,7930594969.45,185993,4697019,11.98
30-Oct-2017,196.65,196.8,213,194.75,203.2,203.95,205.59,46136900,9485506632.9,219912,5565348,12.06
31-Oct-2017,203.95,203.95,206.9,196.6,197.5,197.15,200.08,27023668,5406962052.1,131164,3693136,13.67
01-Nov-2017,197.15,202,206.3,198.25,199.05,198.9,201.6,28141909,5673452286.8,141284,7550245,26.83
02-Nov-2017,198.9,199.05,203.5,196.05,197.55,197.45,199.16,20686765,4119909147.7,96785,4089733,19.77
03-Nov-2017,197.45,199.25,212,199.1,207.3,207.8,205.11,96398855,19772829282.25,415429,8992220,9.33
06-Nov-2017,207.8,206.8,207.6,199.7,201.9,201.2,203.97,21545767,4394627840,104792,4790795,22.24
07-Nov-2017,201.2,204.8,204.8,188.65,191.25,190.8,194.91,27782722,5415228847.9,142432,4790672,17.24
08-Nov-2017,190.8,192.85,194.85,186.05,191.4,189.05,190.51,22869578,4356887977.6,105533,3066176,13.41
09-Nov-2017,189.05,191.4,196.55,190.5,192.75,192.3,192.73,21212153,4088151897.4,96368,3453410,16.28
10-Nov-2017,192.3,190,196,187,190,190.1,191.64,26367774,5053183086.9,130755,4053656,15.37
13-Nov-2017,190.1,192,192.45,186.5,187,187.65,189.93,13730302,2607821504.25,67646,2630797,19.16
14-Nov-2017,187.65,188.3,189.95,183.2,184.4,184.05,186.33,14459551,2694318620.75,64349,2799331,19.36
15-Nov-2017,184.05,184.9,187.1,179.15,181.5,180.7,183.15,15478328,2834816724.5,69248,2387616,15.43
16-Nov-2017,180.7,182.4,191.05,180.1,190.1,189.6,186.37,22146185,4127406056.7,104752,3194215,14.42
17-Nov-2017,189.6,198,200.9,189.8,190.7,190.8,195.21,28196846,5504318926.3,119814,4254216,15.09
20-Nov-2017,190.8,190.7,190.7,186.5,186.85,187.25,188.22,13291834,2501852585.1,51217,3138947,23.62
21-Nov-2017,187.25,188.95,191.7,185.3,186,186.3,188.39,13806005,2600897755.55,56938,1994964,14.45
22-Nov-2017,186.3,187,192.95,183.5,188.8,189.2,188.68,23941016,4517211162.05,117836,3075572,12.85
23-Nov-2017,189.2,189.3,189.6,184.95,186.5,186.5,187.06,14256077,2666704700.15,60880,2069311,14.52
24-Nov-2017,186.5,187,189.2,185.05,185.95,186.1,187.07,11782239,2204079809.9,47651,2330427,19.78
27-Nov-2017,186.1,184.95,186.65,182.85,185.2,185.85,184.91,10556535,1952047692.5,41208,1892143,17.92
28-Nov-2017,185.85,186.7,187.85,182.8,183,183.7,185.79,13720114,2549118691.2,51303,2012049,14.66
29-Nov-2017,183.7,184.1,184.7,180.5,181.35,181.6,182.85,9800911,1792107393.6,37943,2087025,21.29
30-Nov-2017,181.6,180.9,180.9,175.35,176.85,176.1,177.99,17254860,3071193397.65,58439,4421454,25.62
01-Dec-2017,176.1,177.1,178,170.1,170.3,171.5,175.02,13167162,2304467391.6,56914,2011155,15.27
04-Dec-2017,171.5,171.9,174.35,169.5,174.35,173.2,171.89,12795662,2199478122.35,51153,1574344,12.3
05-Dec-2017,173.2,172.4,177.8,170.65,176.15,175.95,174.25,17498518,3049113011.2,72040,2606801,14.9
06-Dec-2017,175.95,175.4,175.8,170.95,171.4,172.1,173.76,12381441,2151458031.25,62519,1849411,14.94
07-Dec-2017,172.1,172.1,175.8,172.05,173.75,173.9,174.13,11340699,1974770839.05,43984,1886537,16.64
08-Dec-2017,173.9,174.35,175.3,172,172.5,172.7,173.28,8766071,1518963726.25,32946,1064991,12.15
11-Dec-2017,172.7,174.05,175.3,171.85,172.45,172.95,173.65,7926307,1376388514.1,30049,1158751,14.62
12-Dec-2017,172.95,172.9,176.25,170.3,173.25,173.7,173.88,16854655,2930762143.6,54422,3208099,19.03
13-Dec-2017,173.7,173,173.7,166.45,167.55,167.8,170.5,11545396,1968443896,41534,1354898,11.74
14-Dec-2017,167.8,169,170.65,166.15,169.4,169.6,168.43,12678906,2135480360.85,49678,1252261,9.88
15-Dec-2017,169.6,172.1,173.95,170.75,171.9,171.6,172.06,8768732,1508723208.5,40774,1504714,17.16
18-Dec-2017,171.6,168,180.6,161.85,179.9,178.75,175.67,27671940,4861255268.85,108770,3367532,12.17
19-Dec-2017,178.75,180.85,181,176.35,178.65,178.75,178.87,13603472,2433234854,60439,2263855,16.64
20-Dec-2017,178.75,171.9,172.8,169.4,170.55,170.5,170.92,63640511,10877210731.85,182756,33358997,52.42
21-Dec-2017,170.5,171,174.9,170.5,173.15,173.5,172.95,18059283,3123435646.35,74660,6087753,33.71
22-Dec-2017,173.5,173.9,177.15,172.15,175.7,175.95,175.19,22577624,3955459550.95,70337,5996166,26.56
26-Dec-2017,175.95,175.9,175.9,172.55,174.2,174.3,174.13,9993708,1740158641.15,44496,2567892,25.7
27-Dec-2017,174.3,174.2,177.7,172.7,173,174.1,175.22,14740959,2582954206.45,55758,4521155,30.67
28-Dec-2017,174.1,173.25,174.5,170,170.25,170.8,171.37,18945479,3246686025.5,53890,8648072,45.65
29-Dec-2017,170.8,171.8,173.65,170.65,171.55,171.4,172,9789074,1683721287,46985,2654665,27.12
01-Jan-2018,171.4,172.95,173.4,168.9,169.7,169.75,171.31,7869149,1348032197,35893,1423821,18.09
02-Jan-2018,169.75,170.5,170.9,165.4,166.15,166.4,167.26,13729132,2296383278.05,54266,3567217,25.98
03-Jan-2018,166.4,168,169.3,166.2,166.5,166.6,167.66,8534233,1430884733.85,36317,1413490,16.56
04-Jan-2018,166.6,167.35,179.7,165.4,178,176.45,172.88,31613344,5465302501.7,121680,9106491,28.81
05-Jan-2018,176.45,180.4,180.5,175.4,176.05,176,177.47,15500426,2750899295.7,64260,2886355,18.62
08-Jan-2018,176,177.05,178.15,175.1,175.65,175.7,176.41,7302294,1288170169.05,37673,2078930,28.47
09-Jan-2018,175.7,175.3,177.9,174.05,174.55,174.65,176.09,11152776,1963904063.4,42093,1919693,17.21
10-Jan-2018,174.65,174.45,174.9,170,170.1,170.65,171.9,9021131,1550728455.35,44835,2239225,24.82
11-Jan-2018,170.65,170.3,173.6,169.55,173.3,172.75,171.84,8683986,1492224624.4,35136,2854421,32.87
12-Jan-2018,172.75,173.5,174.9,171.45,174.5,174.2,173.3,11223630,1945015985.05,48951,3181557,28.35
15-Jan-2018,174.2,174.95,175.85,171.85,172.05,172.15,173.69,7104648,1234018255.55,31984,1377316,19.39
16-Jan-2018,172.15,172.25,172.95,165.1,165.7,165.55,168.39,11916843,2006678919.5,52318,4407267,36.98
17-Jan-2018,165.55,165.5,177,162.65,176.5,175.55,170.24,25299752,4307074228.3,112693,6443514,25.47
18-Jan-2018,175.55,180.7,182.75,168.65,170.35,170.5,176.38,32923946,5807099731.4,122684,9442984,28.68
19-Jan-2018,170.5,170.8,178,169.35,176.9,176.4,174.6,21519974,3757406127.6,82002,2831150,13.16
22-Jan-2018,176.4,176.1,177.3,172.2,176.2,176,174.99,11370450,1989668155.05,53117,1499109,13.18
23-Jan-2018,176,176.05,187.8,175.25,186,185.8,182.22,28176767,5134408465.9,126351,7040900,24.99
24-Jan-2018,185.8,185.25,196.35,182.1,195.45,194.65,189.78,50753260,9631897382.05,202903,7838343,15.44
25-Jan-2018,194.65,197,197,180,181.4,180.9,184.93,45808402,8471233858.3,168212,10313389,22.51
29-Jan-2018,180.9,181.7,182.35,172.6,173,173.95,176.95,18481283,3270351905.05,82440,3354700,18.15
30-Jan-2018,173.95,173.3,175.9,171.4,172.25,172.65,173.47,16914910,2934151011.85,78294,1998243,11.81
31-Jan-2018,172.65,171.5,175.2,168.8,170.9,171.35,171.88,15313331,2632087998.5,76747,2136398,13.95
01-Feb-2018,171.35,172.8,174.6,166,167.2,167.55,170.02,15801115,2686546719.85,74929,4161682,26.34
02-Feb-2018,167.55,165,168.7,160.5,161.15,161.85,164.21,17622089,2893756743.25,85551,2400486,13.62
05-Feb-2018,161.85,158,166.2,156.9,165.65,163.7,162.22,20688955,3356103403.35,88499,3269743,15.8
06-Feb-2018,163.7,151.25,164.7,151.25,161.75,161.05,158.28,27530912,4357606883.45,117860,4436913,16.12
07-Feb-2018,161.05,163.95,164.9,155.6,156,156.55,158.77,22887593,3633758189.75,103251,5142271,22.47
08-Feb-2018,156.55,157,161.5,156.6,159.3,159.35,159.2,16358889,2604349044.3,63972,1784870,10.91
09-Feb-2018,159.35,156,158,155.3,156.9,156.8,156.68,9608396,1505453377.05,47395,1547723,16.11
12-Feb-2018,156.8,157.05,163.95,156.5,161.65,161.65,161.33,15391679,2483130193.5,68171,2437712,15.84
14-Feb-2018,161.65,158.95,158.95,144.65,144.85,145.85,150.09,68396778,10265480651.2,315536,13406936,19.6
15-Feb-2018,145.85,137.6,139.7,125.25,127.05,128.25,133.68,177112217,23677110120.6,626019,27841783,15.72
16-Feb-2018,128.25,125.6,128.4,120.55,126.1,125.55,124.06,156691203,19439883927.5,511094,9467950,6.04
19-Feb-2018,125.55,122,123.5,113.55,115.1,116.5,117.83,130898125,15424098084.05,418683,13365682,10.21
20-Feb-2018,116.5,113.9,118.45,111,117.05,116.55,114.45,146638863,16782659492.4,431522,9478929,6.46
21-Feb-2018,116.55,118.15,119.5,115.55,116.85,117.3,117.04,67541786,7905306571.85,210984,3540111,5.24
22-Feb-2018,117.3,114.6,116.8,113.7,114.05,114.6,115.42,45302555,5228609747.7,126277,7027850,15.51
23-Feb-2018,114.6,114.4,116.95,112.3,113.5,113.45,114.54,45035931,5158582677.45,152663,5295387,11.76
26-Feb-2018,113.45,115,115,110.15,111.9,112,112.49,42608524,4793114218.8,141319,7574532,17.78
27-Feb-2018,112,106.8,106.8,96.05,97.55,98.35,100.48,202069429,20303938484.05,534476,33795117,16.72
28-Feb-2018,98.35,93.6,102.4,92,101.4,101.4,97.03,210781693,20451980887.4,517399,13508390,6.41
01-Mar-2018,101.4,100.7,103.75,98.8,100.8,101.05,101.45,122105493,12387413736.95,343292,6325364,5.18
05-Mar-2018,101.05,99.9,102.4,98.8,99.1,100.1,100.54,59237515,5955997776.8,181694,8341803,14.08
06-Mar-2018,100.1,101,102,96.8,96.95,97.85,99.86,43475662,4341282007.6,132969,3243523,7.46
07-Mar-2018,97.85,96,96.9,94.05,95.1,95.5,95.48,52573179,5019751898.45,147265,6595180,12.54
08-Mar-2018,95.5,96.15,97.45,94.3,96.5,96.65,95.85,34680221,3324263839.4,99274,2448666,7.06
09-Mar-2018,96.65,97.4,97.65,95,95.1,95.6,96.22,30239013,2909548291,85408,2739254,9.06
12-Mar-2018,95.6,96.2,96.3,91.25,94.8,94.6,93.58,45021305,4212994197.25,112787,3103755,6.89
13-Mar-2018,94.6,94.2,102.65,93.3,97.25,97.95,98.92,86099105,8517294455.15,247145,5615322,6.52
14-Mar-2018,97.95,94,100.35,93.3,99.9,99.3,96.39,83449240,8043809987.8,228015,6521235,7.81
15-Mar-2018,99.3,99.3,101,97.8,97.95,98.55,99.27,42911688,4259848703.4,123064,3551889,8.28
16-Mar-2018,98.55,98.4,102.25,97.6,98.7,98.85,100.1,55339873,5539541308.5,170623,4664498,8.43
19-Mar-2018,98.85,98.55,100.45,96.1,96.15,96.55,97.78,33530881,3278735408.05,95053,3528263,10.52
20-Mar-2018,96.55,96,97.5,95.25,96.95,96.85,96.47,27906714,2692059210.7,78366,3186708,11.42
21-Mar-2018,96.85,97.55,99.15,97.15,97.45,97.6,98.16,23276651,2284734165.15,60523,3200984,13.75
22-Mar-2018,97.6,97.65,98.15,95.7,95.8,96.55,96.86,16401398,1588634862.85,41827,1822531,11.11
23-Mar-2018,96.55,94.45,95.1,92.75,92.95,93.15,93.6,23075193,2159804695.8,66540,3274377,14.19
26-Mar-2018,93.15,93.4,96.45,93.05,95.85,95.8,94.73,26795299,2538436730.7,72964,5361408,20.01
27-Mar-2018,95.8,97.2,100,96.3,99.15,99.45,98.34,29403384,2891661214.7,88797,4166540,14.17
28-Mar-2018,99.45,97.95,99.15,94.55,94.95,95.3,96.94,30109801,2918966714.7,75961,6654476,22.1
02-Apr-2018,95.3,96.3,96.85,95.4,96.4,96.3,96.13,13543335,1301912749.2,40903,1371072,10.12
03-Apr-2018,96.3,97.55,98.9,94.65,95.5,95.45,96.33,25344799,2441461327.35,78143,5110809,20.17
04-Apr-2018,95.45,96,97,94.2,94.4,94.4,95.59,21491684,2054421565,53607,2990799,13.92
05-Apr-2018,94.4,95.9,98.1,95.15,97.35,97,96.28,25894057,2493207369.6,69489,7622228,29.44
06-Apr-2018,97,97.15,102.85,95.85,102.1,102.15,100.04,47882204,4790187362,145050,6623983,13.83
09-Apr-2018,102.15,103.9,105.55,101.3,105.1,105.25,103.96,50232626,5222017264,154857,5490774,10.93
10-Apr-2018,105.25,106.75,106.75,104.25,104.95,105.2,105.44,29470636,3107382509.3,88699,3835666,13.02
11-Apr-2018,105.2,103.5,104.15,101.3,102.05,102.2,102.42,24512955,2510617006.1,73932,3371866,13.76
12-Apr-2018,102.2,102.25,102.9,100.2,101.1,101.25,101.65,20289152,2062334779.75,54294,1650191,8.13
13-Apr-2018,101.25,101.5,103,100.8,101,101.3,101.91,15646434,1594452450.4,48635,1648080,10.53
16-Apr-2018,101.3,100.75,101.75,98.45,99.1,99.15,99.7,18763829,1870677909.95,57653,2408219,12.83
17-Apr-2018,99.15,99.8,100.35,97.6,98.05,97.95,98.91,17990215,1779483479.95,53721,2704330,15.03
18-Apr-2018,97.95,98.05,99,97,97.15,97.15,97.84,19430044,1901023115.4,57542,2188104,11.26
19-Apr-2018,97.15,97.85,97.85,95.8,96.1,96.1,96.65,15064019,1455924818.7,40293,3497301,23.22
20-Apr-2018,96.1,95.2,95.5,92.8,93.9,93.6,93.65,21889815,2050012600.4,75741,5100816,23.3
23-Apr-2018,93.6,93.9,95.4,93.25,94.05,94.1,94.24,15414423,1452707301.6,49180,2092646,13.58
24-Apr-2018,94.1,94.4,94.65,92.9,93.1,93.15,93.6,11744430,1099227976.55,35948,2167202,18.45
25-Apr-2018,93.15,93.1,93.8,92,92.2,92.3,92.85,12918338,1199501312.25,40828,2169641,16.8
26-Apr-2018,92.3,92.35,92.6,90.5,90.7,91,91.59,18724350,1714903655.05,54254,4694796,25.07
27-Apr-2018,91,91.25,94.6,91.1,93.1,93.4,93.36,25205308,2353282883.25,69784,4116519,16.33
30-Apr-2018,93.4,94.4,95.7,93.35,95.5,95.4,94.83,13703163,1299505687.95,80229,2787647,20.34
02-May-2018,95.4,95.9,96,92.55,92.85,92.8,93.71,10845584,1016368244.6,43589,2810667,25.92
03-May-2018,92.8,93,93.6,91.8,91.9,92.05,92.32,11643684,1075003096.35,37548,1824705,15.67
04-May-2018,92.05,92.75,93.15,91.1,91.6,91.55,91.97,11462253,1054176204.7,35752,1771204,15.45
07-May-2018,91.55,92.5,94.65,92.1,93.8,93.8,93.71,13839790,1296923101.4,45001,2448721,17.69
08-May-2018,93.8,94.2,95.65,92.35,92.75,92.65,93.66,18546850,1737069742.8,52791,2049577,11.05
09-May-2018,92.65,93.2,93.5,92.7,93,93,93.06,6730710,626390012.35,23820,776191,11.53
10-May-2018,93,93.1,93.65,91.05,91.25,91.4,92.13,11303169,1041359271.95,34228,2304406,20.39
11-May-2018,91.4,91.85,91.9,87.2,88.8,88.8,89,19914360,1772426225.6,62413,3832150,19.24
14-May-2018,88.8,89,90.85,88,89.35,89.3,89.47,15634508,1398743210.85,52658,1947679,12.46
15-May-2018,89.3,89,91.5,83.55,83.85,85.95,88.34,29556673,2611006099.4,85195,5147925,17.42
16-May-2018,85.95,79.15,80,74.15,75.7,75.6,76.29,98523673,7516485018.65,263304,15850082,16.09
17-May-2018,75.6,76,77,74.4,76.55,76.45,75.68,37034469,2802760650.25,98073,3706849,10.01
18-May-2018,76.45,76.4,77,74.5,74.8,74.75,75.85,25068232,1901462487.35,64160,4018604,16.03
21-May-2018,74.75,76,78.7,75.3,77.9,78.15,76.98,29693002,2285681917.1,75887,3944452,13.28
22-May-2018,78.15,78.05,83.55,76.6,81.05,81.55,80.76,47285396,3818887455.3,118637,4347989,9.2
23-May-2018,81.55,81.4,83.5,79.7,80.75,80.55,81.91,29450321,2412215885.15,76144,2697822,9.16
24-May-2018,80.55,80.7,82.5,80.05,82.35,82.1,81.42,19933989,1622967272.75,48522,2064728,10.36
25-May-2018,82.1,81.95,84.55,81.3,83.6,83.35,83.11,19102160,1587532024.05,52027,2807418,14.7
28-May-2018,83.35,83.7,89.6,83.6,88.4,88.7,87.43,34946952,3055492624.75,96971,4422380,12.65
29-May-2018,88.7,88.5,89.2,85.25,85.45,85.65,87.19,27758350,2420205425.3,90847,6309512,22.73
30-May-2018,85.65,84.6,87,84.3,86.05,86.1,85.84,18814541,1615104965.9,52657,2500535,13.29
31-May-2018,86.1,86.65,87,83.25,83.9,83.65,84.78,17359606,1471828999.15,51006,3270262,18.84
01-Jun-2018,83.65,84,84.85,82.05,83.2,82.95,83.31,20636225,1719197830.75,58753,2091487,10.14
04-Jun-2018,82.95,83.6,85,82.2,83.6,83.2,83.66,15456025,1293038063.95,43413,1620882,10.49
05-Jun-2018,83.2,83.2,83.8,81.05,82.65,82.65,82.4,14615089,1204351434.15,43049,1320337,9.03
06-Jun-2018,82.65,82.75,85.5,82.3,84.5,84.7,84.23,18167507,1530232914.9,52345,2337017,12.86
07-Jun-2018,84.7,85.1,86.85,84.35,86.05,86.1,85.71,17624425,1510677289.4,49146,2148594,12.19
08-Jun-2018,86.1,86,91.2,85.4,90.3,90.45,89.14,39225458,3496500616.9,107440,5012234,12.78
11-Jun-2018,90.45,92,94.7,91.1,91.4,91.6,92.94,37150478,3452764975.25,110986,4395088,11.83
12-Jun-2018,91.6,91.4,92.7,90.65,91.85,91.75,91.73,21847334,2004157630.7,56820,1927454,8.82
13-Jun-2018,91.75,92.15,93.2,90.9,91.25,91.3,92.12,19488548,1795212683.9,54465,2026382,10.4
14-Jun-2018,91.3,91,92.3,89.3,92.25,91.7,90.65,19136052,1734705051.45,56484,1819620,9.51
15-Jun-2018,91.7,92.1,93.15,89.6,89.75,89.85,91.17,21610044,1970181188.9,63617,2523419,11.68
18-Jun-2018,89.85,89.5,90.65,88.2,88.3,88.5,88.95,12204751,1085653669,36059,1344134,11.01
19-Jun-2018,88.5,88.3,89.65,86.45,86.75,86.8,87.88,16686961,1466409926,44050,1741280,10.43
20-Jun-2018,86.8,86.8,87.6,85.7,85.75,86.2,86.59,15014284,1300069542.95,38996,1320528,8.8
21-Jun-2018,86.2,86.25,86.55,83.2,83.35,83.4,84.26,17947960,1512304585.35,47383,3002331,16.73
22-Jun-2018,83.4,83.4,83.7,81.6,81.85,81.9,82.19,26172821,2151135308.55,55917,8342204,31.87
25-Jun-2018,81.9,81.9,82.4,79.5,79.65,79.8,80.94,18367654,1486644175.3,44687,3194122,17.39
26-Jun-2018,79.8,79.5,81.15,78.85,79.6,79.85,79.96,24559936,1963776963.85,56365,4574708,18.63
27-Jun-2018,79.85,79.85,80.25,75.25,76.55,76.75,77.21,23005577,1776353859.1,62311,3857346,16.77
28-Jun-2018,76.75,76.75,78.5,71.65,72.9,72.8,75.12,48215340,3622174075.6,90382,18732216,38.85
29-Jun-2018,72.8,73.55,76.35,73.55,76.15,76.15,75.56,30436895,2299743780,74429,5782037,19
02-Jul-2018,76.15,76.8,79.75,74.4,77.95,78.15,76.85,27653723,2125148608.15,81283,2462208,8.9
03-Jul-2018,78.15,78,78.15,75.85,76.8,77.15,77,20767258,1599086426.05,60040,2285137,11
04-Jul-2018,77.15,76.9,77.15,75.6,76,76.1,76.32,15453638,1179363781.35,36923,1748546,11.31
05-Jul-2018,76.1,76.05,78,75.15,75.25,75.55,76.46,20437925,1562760919.85,49861,1910423,9.35
06-Jul-2018,75.55,75.95,78,75.45,76.95,76.95,76.88,20777411,1597459480.75,47417,2286132,11
09-Jul-2018,76.95,78,78.6,77.45,77.75,77.8,78.01,16419039,1280843434.85,37748,2763219,16.83
10-Jul-2018,77.8,78.25,78.9,77.45,77.8,77.85,78.12,13975359,1091757205.55,31149,2002870,14.33
11-Jul-2018,77.85,78,78.2,75.35,75.55,75.55,76.56,15332841,1173911560.95,38910,3064369,19.99
12-Jul-2018,75.55,76.1,77.7,75.75,75.85,76.1,76.68,15854520,1215790053.15,41091,1795387,11.32
13-Jul-2018,76.1,76.3,76.35,73.15,74.1,73.85,74.12,17764493,1316634259.55,45078,3125452,17.59
16-Jul-2018,73.85,75.2,75.4,73.5,73.65,73.85,74.23,19426203,1442063796.55,51911,2891302,14.88
17-Jul-2018,73.85,74.3,79.8,74.1,78.7,78.7,76.94,38586630,2968962009,89222,5913687,15.33
18-Jul-2018,78.7,80,81.95,74.5,75.3,75.2,77.36,50685774,3921188375.85,130231,8737508,17.24
19-Jul-2018,75.2,75.55,76.9,74.2,75.3,75.3,75.74,22782507,1725614791.1,60179,1826412,8.02
20-Jul-2018,75.3,75.5,76.2,74.7,75.5,75.55,75.46,14332633,1081520762.8,38726,1171898,8.18
23-Jul-2018,75.55,75.55,79.8,74.95,78.65,78.95,77.37,28920645,2237561954.35,68799,5208807,18.01
24-Jul-2018,78.95,79.4,80.3,78.3,79.25,79.3,79.41,25963685,2061759369.15,64359,4810544,18.53
25-Jul-2018,79.3,79.6,80.45,78.4,79.1,79.25,79.3,17521847,1389459834,40390,1952155,11.14
26-Jul-2018,79.25,80.1,81.75,79.7,80.95,80.85,80.78,46087316,3722955290.4,97974,12857805,27.9
27-Jul-2018,80.85,81.1,84.45,80.85,82,82,82.85,59634047,4940945805.5,125894,17271924,28.96
30-Jul-2018,82,83.25,86.95,83.25,85.6,85.9,85.63,81035764,6939472606.2,181257,31015576,38.27
31-Jul-2018,85.9,86,87.2,84.3,85,85.1,85.53,37202427,3181757266.05,84985,6667356,17.92
01-Aug-2018,85.1,85.1,88.7,84.5,86.1,87.4,86.14,42891508,3694791937.15,86506,11777256,27.46
02-Aug-2018,87.4,86.1,86.7,84.45,85,85.15,85.5,38618382,3301816086.4,79428,9464852,24.51
03-Aug-2018,85.15,85.7,89.3,85.5,88.2,88.15,87.63,60881327,5335050354.2,147324,19020291,31.24
06-Aug-2018,88.15,89.5,90.7,88.2,89.95,90.05,89.77,49669291,4458717512.4,112345,13279782,26.74
07-Aug-2018,90.05,90.25,91.55,82.5,82.9,82.85,87.22,139040553,12126988012.5,329206,19446190,13.99
08-Aug-2018,82.85,83.45,83.6,80.05,80.35,80.45,82.03,60658357,4975890435.6,141190,14160574,23.34
09-Aug-2018,80.45,81.7,83.85,81.15,83.5,83.4,82.75,45391038,3755985205.1,109015,8356049,18.41
10-Aug-2018,83.4,83.95,84.75,82.6,83,83.25,83.71,51034567,4272181692.4,92040,14642015,28.69
13-Aug-2018,83.25,82.5,82.65,79.6,80.7,80.4,81.44,30972235,2522341696.6,68763,6426000,20.75
14-Aug-2018,80.4,81,81.85,79.5,79.75,79.9,80.55,20667786,1664766427.3,55210,4757930,23.02
16-Aug-2018,79.9,79.15,82.75,78.65,82.05,81.55,81.34,39893139,3244824496.2,81680,8174841,20.49
17-Aug-2018,81.55,82.5,83.9,82.3,83.45,83.45,83.12,25610532,2128635766.9,53994,6210993,24.25
20-Aug-2018,83.45,84,84.9,82.8,83.65,84.2,83.84,25753772,2159280385.35,59336,7309026,28.38
21-Aug-2018,84.2,84.25,84.9,83.25,83.6,83.65,83.92,16719748,1403039381.35,35553,3447729,20.62
23-Aug-2018,83.65,83.7,85.95,82,85.85,84.5,83.37,26998678,2250869913.15,55345,4851858,17.97
24-Aug-2018,84.5,85.2,87.9,85.05,85.6,85.8,86.47,62911086,5439638099.6,165987,13279769,21.11
27-Aug-2018,85.8,86.5,87.15,85,85.1,85.25,86.2,25336814,2184025063.75,61724,4881685,19.27
28-Aug-2018,85.25,85.5,85.8,82.5,82.9,82.9,83.64,24887374,2081488105.65,58392,3856414,15.5
29-Aug-2018,82.9,83.4,84.8,82.9,83.9,84.15,84.02,23031862,1935049837.75,50819,4538988,19.71
30-Aug-2018,84.15,84.1,85.9,83.6,84.75,85.1,84.94,40695329,3456821781.85,74684,10712023,26.32
31-Aug-2018,85.1,84.5,88.45,83.65,88,88.15,86.24,45793988,3949139627.1,94982,10887522,23.78
03-Sep-2018,88.15,88.3,89.3,86,86,86.35,88.05,30610408,2695345823.75,76964,4326268,14.13
04-Sep-2018,86.35,86.4,86.85,82.85,83.3,83.15,84.72,25579702,2167003555.55,60666,5146043,20.12
05-Sep-2018,83.15,83.2,83.85,81.4,83.15,83.1,82.66,21704587,1794074680.9,54937,2605713,12.01
06-Sep-2018,83.1,84,84.7,82.85,83.2,83.25,83.61,25079939,2096853285.65,57788,4024839,16.05
07-Sep-2018,83.25,83.35,84.65,82.45,84.2,84.4,83.76,19594125,1641166883.1,45308,2695267,13.76
10-Sep-2018,84.4,83.75,85,82,82.7,82.7,83.44,21243030,1772518180.95,59945,2811242,13.23
11-Sep-2018,82.7,83.8,84.5,81.4,81.6,81.7,83.28,27909748,2324184294.6,61634,3616098,12.96
12-Sep-2018,81.7,81.8,82.35,79.2,81,81.15,80.7,35789023,2888196060.4,88777,6213802,17.36
14-Sep-2018,81.15,82.7,83.3,82.05,82.9,82.8,82.6,20505103,1693660137.2,50441,2667048,13.01
17-Sep-2018,82.8,82.4,84.05,81,82.9,83,82.57,26030699,2149243992.5,66176,2868065,11.02
18-Sep-2018,83,82.2,82.6,78.6,79.35,79.3,80.37,37211584,2990514360.65,78826,6813675,18.31
19-Sep-2018,79.3,79.5,80.75,78.7,79.25,79.25,79.84,24270870,1937852724.9,54203,2073032,8.54
21-Sep-2018,79.25,79.55,80.35,67.4,73.2,72.85,75.03,50163352,3763644461.25,111043,9206243,18.35
24-Sep-2018,72.85,74,74.4,68.65,68.8,69.2,70.61,37491629,2647152839.5,98995,8503213,22.68
25-Sep-2018,69.2,69.15,69.65,63.65,67.45,66.95,66.94,58214340,3896995265.85,133168,11740261,20.17
26-Sep-2018,66.95,68.15,69.2,66.25,66.9,67.05,67.52,43152887,2913668673.95,97525,6678426,15.48
27-Sep-2018,67.05,67.7,67.7,61.25,61.85,62.5,64.64,47047470,3041171565.85,120036,18391128,39.09
28-Sep-2018,62.5,62.55,63.4,58.45,59.75,59.7,60.73,68264539,4145592477.65,158537,12379718,18.13
01-Oct-2018,59.7,60,63.55,58.55,63.3,63.2,61.29,39640035,2429408453.9,96377,6114470,15.42
03-Oct-2018,63.2,63.8,66.35,62.7,64.4,64.65,64.86,42231670,2739335282.8,103608,6306568,14.93
04-Oct-2018,64.65,63.15,65.5,62.85,64.5,64.8,64.54,32208001,2078747423.35,75755,3753084,11.65
05-Oct-2018,64.8,65,66.35,63,63.25,63.85,64.78,31872123,2064824703.25,80788,4176873,13.11
08-Oct-2018,63.85,64,64.6,61.1,62.7,62.85,63.24,29733364,1880355176.35,64550,3402988,11.45
09-Oct-2018,62.85,63.45,63.9,61.5,62.8,62.65,62.67,24773210,1552469763.25,53109,1655065,6.68
10-Oct-2018,62.65,62.8,66.95,62.3,66.5,66.3,64.82,30162010,1955133957.55,68958,5640187,18.7
11-Oct-2018,66.3,64,66,63.1,64.35,64.3,64.43,27655306,1781825601.75,60582,5379337,19.45
12-Oct-2018,64.3,65.1,67.65,65.05,66.5,66.5,66.61,22188888,1477947036.45,52869,4875478,21.97
15-Oct-2018,66.5,67,67.95,65.35,67.55,67.55,67.11,21390663,1435486502.8,52876,4223244,19.74
16-Oct-2018,67.55,68.2,70.35,67.85,69.9,69.95,69.19,21972857,1520290714.45,56211,3370186,15.34
17-Oct-2018,69.95,71,71.15,66.1,66.3,66.5,68.5,24801387,1698975153.1,56621,5123946,20.66
19-Oct-2018,66.5,66.2,67.4,65.25,66.15,66,66.39,18158920,1205518602.6,48163,2207272,12.16
22-Oct-2018,66,66.9,67.45,65.4,65.8,65.7,66.41,16020570,1063935181.4,42701,1788997,11.17
23-Oct-2018,65.7,65.45,66.25,63.85,65.15,64.75,64.97,16070344,1044078728.05,40061,2176375,13.54
24-Oct-2018,64.75,65.8,66.35,64.6,66.3,65.8,65.36,17199693,1124229068.9,45278,3097894,18.01
25-Oct-2018,65.8,65.2,66.7,65,65.75,65.65,65.77,23250113,1529220817.95,65413,5552009,23.88
26-Oct-2018,65.65,66,67.25,65.25,66.3,66.15,66.27,20915568,1386047533.5,49296,3152893,15.07
29-Oct-2018,66.15,66.85,71.8,65.6,70.75,70.9,69.59,36931154,2569956579.7,84576,6938666,18.79
30-Oct-2018,70.9,71,75.25,70.75,72.85,72.55,73.17,43626784,3191978431.55,99222,4671163,10.71
31-Oct-2018,72.55,73.8,74.25,71.7,73.6,73.65,73.12,28632204,2093559417.75,64732,3641425,12.72
01-Nov-2018,73.65,74.4,75,73.2,74.3,74.3,74.13,21269555,1576614116.25,49091,2710980,12.75
02-Nov-2018,74.3,74.95,78.7,68.05,68.95,69.05,72.83,91979581,6699194943.55,227254,14168787,15.4
05-Nov-2018,69.05,68.7,70.95,67.4,70.8,70.4,69.19,33569269,2322773383.4,81635,3527283,10.51
06-Nov-2018,70.4,71.2,71.55,69.9,70.3,70.6,70.77,18682517,1322157440.95,48290,2408838,12.89
07-Nov-2018,70.6,71,71.2,70.6,71,70.95,70.92,2459502,174425464.65,11449,1086538,44.18
09-Nov-2018,70.95,71,72.4,70.2,71.6,71.65,71.65,16410330,1175721778.6,42655,2667613,16.26
12-Nov-2018,71.65,72,72.1,69.7,70.35,70.5,70.58,15610896,1101809724.05,36680,2508775,16.07
13-Nov-2018,70.5,68.5,70.3,68.45,69.95,70,69.56,16257056,1130900288.8,39739,1610115,9.9
14-Nov-2018,70,70.5,72.05,70.1,70.65,70.75,71.05,19262384,1368615328.6,45177,2436716,12.65
15-Nov-2018,70.75,70.75,71.6,69.75,71.05,71.15,70.93,13633606,966986001.05,30301,1974296,14.48
16-Nov-2018,71.15,71.4,74.15,70.6,73.25,73.2,72.36,29393571,2126920999.75,64667,6621521,22.53
19-Nov-2018,73.2,73.9,74.05,72.5,73.45,73.3,73.37,17064185,1251943776.15,41595,2159302,12.65
20-Nov-2018,73.3,72.3,74.3,70.65,70.95,71.3,72.9,22772511,1660082130.05,55361,3161196,13.88
21-Nov-2018,71.3,71.35,73,71,72.9,72.7,72.16,15213307,1097830391,42552,2031961,13.36
22-Nov-2018,72.7,73,73.4,71.4,71.5,71.7,72.44,12316028,892218680,32046,1817852,14.76
26-Nov-2018,71.7,72.1,72.2,69.85,71.35,71.25,70.98,14534558,1031666540.2,32391,1626641,11.19
27-Nov-2018,71.25,71.25,73.15,70.6,72.45,72.45,71.76,18202285,1306122774.8,40126,2420673,13.3
28-Nov-2018,72.45,72.95,73,69.1,69.45,69.6,71.03,21486398,1526243081,51272,3935026,18.31
29-Nov-2018,69.6,70.1,70.35,68.85,69.75,69.65,69.65,17242452,1200880067.3,43295,2923453,16.95
30-Nov-2018,69.65,70,70.5,69,69.9,69.9,69.71,14026529,977772766.75,34491,2370805,16.9
03-Dec-2018,69.9,70,72,69.45,71.55,71.45,70.74,15579155,1102013870.85,38318,2972118,19.08
04-Dec-2018,71.45,71.45,71.9,69.25,69.65,69.55,70.62,17168281,1212471240,35981,3793750,22.1
05-Dec-2018,69.55,69.5,70.1,68.4,68.65,68.95,69.3,15370028,1065143645.3,39501,3820238,24.86
06-Dec-2018,68.95,68.5,68.65,65.85,66,66.1,66.9,22242427,1488068544.45,51052,5764840,25.92
07-Dec-2018,66.1,66.4,67,64.45,65.8,66,65.98,21210644,1399411738.5,46818,3903238,18.4
10-Dec-2018,66,64.9,65.85,64,64.75,64.85,64.91,15452401,1003038959.2,38443,1966712,12.73
11-Dec-2018,64.85,63.5,69.15,63.35,68.8,68.7,66.97,33859505,2267629958.7,75550,3911957,11.55
12-Dec-2018,68.7,69.1,72,69.05,70.65,70.8,70.69,29040526,2052947878.35,63179,3270865,11.26
13-Dec-2018,70.8,71.6,72.5,70.95,71.35,71.35,71.67,18076633,1295558831.2,44355,3156544,17.46
14-Dec-2018,71.35,71,73.4,70.8,72.7,72.65,72.59,21183370,1537706908.6,59096,3545123,16.74
17-Dec-2018,72.65,72.8,73.25,71.9,72.8,72.85,72.68,11039826,802416600.85,25644,1586572,14.37
18-Dec-2018,72.85,72.6,75.8,72.15,74.4,74.25,74.49,33486536,2494574745.5,82592,5593107,16.7
19-Dec-2018,74.25,74.9,77.25,74.75,77,76.95,76.43,29772662,2275658997.15,74510,6323430,21.24
20-Dec-2018,76.95,76.4,78.1,75.65,76.35,76.1,76.96,28834262,2219121089.75,66328,3830293,13.28
21-Dec-2018,76.1,77.75,78.8,75.7,76.7,76.35,76.96,40025985,3080285430.25,86490,8447888,21.11
24-Dec-2018,76.35,76.7,77.35,75.85,76.85,76.7,76.64,20719115,1587992756.15,38451,1881914,9.08
26-Dec-2018,76.7,77,78.3,74.7,78.2,77.75,76.24,22820304,1739895218.85,48295,2621243,11.49
27-Dec-2018,77.75,78.45,78.85,77.3,77.9,77.95,77.94,24709123,1925878237,45379,4458523,18.04
28-Dec-2018,77.95,78,79,77.9,78.35,78.45,78.49,18081826,1419242196.3,36135,3613603,19.98
31-Dec-2018,78.45,78.7,79.45,77.85,78.1,78.1,78.45,13924275,1092290092.3,28721,1567542,11.26
01-Jan-2019,78.1,78.6,80,78.05,79.95,79.8,79.07,18609031,1471497118.7,40373,3431838,18.44
02-Jan-2019,79.8,79.55,80.4,77.3,77.95,77.85,78.87,27192314,2144548937.25,56734,4095844,15.06
03-Jan-2019,77.85,78.1,78.95,77.05,77.8,77.85,77.95,18780736,1463883159.9,36287,1474585,7.85
04-Jan-2019,77.85,78,81.9,77.65,81.85,81.3,80.13,35324306,2830622456.8,75559,6067487,17.18
07-Jan-2019,81.3,82.45,82.9,80,80.7,80.55,81.4,21061552,1714462864.35,50185,4354474,20.67
08-Jan-2019,80.55,80.55,81.95,79.75,81.75,81.7,81.07,17598981,1426765933.8,39537,2368195,13.46
09-Jan-2019,81.7,82,82.15,79.8,80.35,80.7,80.97,18063915,1462651767.5,39800,2653314,14.69
10-Jan-2019,80.7,80.3,81.65,80.1,81.05,81.25,80.93,15125630,1224042091.55,32884,1837351,12.15
11-Jan-2019,81.25,81.25,81.55,80.35,80.45,80.65,80.9,12150994,983050679.75,26695,1437130,11.83
14-Jan-2019,80.65,80.35,82.9,79.1,82.85,82.5,81.15,22990328,1865763736.2,56239,4644210,20.2
15-Jan-2019,82.5,82.85,83.4,81.5,82.05,81.95,82.44,14499042,1195336747.35,35641,2267817,15.64
16-Jan-2019,81.95,82,85,81.85,84.05,84.25,84.15,30560868,2571567871.75,81644,4906946,16.06
17-Jan-2019,84.25,84.3,85.05,82.95,84.4,84.55,84.07,22181000,1864754591.85,63809,3871270,17.45
18-Jan-2019,84.55,84.55,84.85,82.5,82.75,82.85,83.78,16185024,1356052392.05,44728,2942085,18.18
21-Jan-2019,82.85,82.85,83.55,79.65,80,80.25,82.02,20063465,1645692756.95,47785,2628097,13.1
22-Jan-2019,80.25,80.2,80.5,78.3,78.45,78.6,79.28,17346423,1375215115.2,39313,2028620,11.69
23-Jan-2019,78.6,78.6,79.4,77.3,77.55,77.75,78.53,12687561,996354333.95,31971,1670772,13.17
24-Jan-2019,77.75,77.75,78.55,77.25,78.4,78.1,77.93,13272022,1034294332.95,28973,1475089,11.11
25-Jan-2019,78.1,78.35,80.45,75.9,77,76.6,78.52,19763289,1551740953.65,44445,3407205,17.24
28-Jan-2019,76.6,77,78.15,75.75,76.2,76.1,76.72,19106196,1465867001.9,47490,2556523,13.38
29-Jan-2019,76.1,76.15,78.5,75.55,77.7,77.3,77.16,17793292,1372950826.5,42270,2126321,11.95
30-Jan-2019,77.3,77.75,78.25,76.7,77.2,77.25,77.39,11238545,869805042.9,26381,1335812,11.89
31-Jan-2019,77.25,77.7,77.8,75.45,77.45,77.5,76.8,16757529,1286919684.2,39575,2828836,16.88
01-Feb-2019,77.5,78,78.4,73.55,73.8,73.9,76.24,25916009,1975725575.2,54212,3849114,14.85
04-Feb-2019,73.9,74.05,74.1,71.05,73.5,73.15,72.41,22905988,1658709447,51975,2360852,10.31
05-Feb-2019,73.15,74.5,76.5,72,73.3,73.4,74.63,70132820,5234219810.85,184975,6796631,9.69
06-Feb-2019,73.4,74.1,75.65,72.8,75.45,75.2,74.21,27503709,2041097669.65,64621,2841823,10.33
07-Feb-2019,75.2,75.65,76.6,74.85,75.65,75.65,75.69,23866199,1806532220.05,53494,2368010,9.92
08-Feb-2019,75.65,75,75,70.65,71.1,71.2,72.4,31290303,2265461385.1,85924,6171658,19.72
11-Feb-2019,71.2,71.4,71.45,70.3,71,70.85,70.88,18322730,1298712118.55,67103,4883894,26.65
12-Feb-2019,70.85,71.2,72.25,70.85,71.3,71.35,71.52,13405209,958680126.7,38573,1863854,13.9
13-Feb-2019,71.35,71.7,71.85,69.1,69.45,69.45,70.56,14108866,995502939.85,40002,2086552,14.79
14-Feb-2019,69.45,69.5,72.65,68.7,72.35,72.25,70.95,18981245,1346628292.85,45074,2945259,15.52
15-Feb-2019,72.25,72,73.2,69.4,70.2,70.05,70.83,22508284,1594293499.7,50741,3966625,17.62
18-Feb-2019,70.05,70.25,71.1,68.7,68.9,69,69.7,17183987,1197701406.55,49698,3383914,19.69
19-Feb-2019,69,69.3,71.5,69.1,69.9,69.95,70.4,18800655,1323528807.5,46883,2359469,12.55
20-Feb-2019,69.95,70.4,71.45,70.25,71.2,71.1,70.88,14646666,1038190222.3,37791,2231622,15.24
21-Feb-2019,71.1,76,76,72.65,73,73.15,73.54,47884317,3521485797.1,110852,6155068,12.85
22-Feb-2019,73.15,72.95,73.95,72.5,73.35,73.2,73.25,17255280,1263934556.6,43245,1952517,11.32
25-Feb-2019,73.2,73.4,73.75,72.9,73.55,73.5,73.38,10143437,744367910.45,25716,2219541,21.88
26-Feb-2019,73.5,72.8,72.8,70.1,71.85,71.85,71.6,24903931,1783080889.75,56902,4713420,18.93
27-Feb-2019,71.85,72.5,73.6,70.95,71.35,71.5,72.14,24053517,1735184536,51611,3458970,14.38
28-Feb-2019,71.5,71.55,72.7,71.45,72.6,72.3,72.02,16139027,1162310764.6,32782,3769849,23.36
01-Mar-2019,72.3,73,77,72.7,77,76.65,75.41,37660508,2839964029.85,80382,7940741,21.09
05-Mar-2019,76.65,77,83.35,76.25,82.25,82.65,81.08,50845208,4122298389.1,129170,9619217,18.92
06-Mar-2019,82.65,82.7,83.8,81.4,82.2,82.4,82.51,27381377,2259179099.95,80702,5316308,19.42
07-Mar-2019,82.4,82.45,86.2,81.3,85.4,85.45,84.84,48792690,4139723348.9,122281,8038554,16.47
08-Mar-2019,85.45,85.35,85.85,83.6,83.85,83.8,84.5,26190794,2213141429.55,64071,3656720,13.96
11-Mar-2019,83.8,84.1,86.45,84.1,85.8,85.85,85.55,23446148,2005852646.25,68149,3706374,15.81
12-Mar-2019,85.85,86.75,87.35,84.75,85.1,85.4,85.97,28275260,2430874625.9,77215,6386050,22.59
13-Mar-2019,85.4,85.2,85.95,83.3,85.05,84.85,84.63,26167126,2214634653.7,62335,3790818,14.49
14-Mar-2019,84.85,85.05,85.75,83.7,84.6,84.45,84.64,23309588,1972921370.1,57527,2402619,10.31
15-Mar-2019,84.45,85.3,87.3,85.1,85.5,86.05,86.32,47765635,4123085419.8,109788,13075499,27.37
18-Mar-2019,86.05,86.45,87.1,85.05,86.7,86.65,85.99,28960560,2490398055.45,65665,4083352,14.1
19-Mar-2019,86.65,87.65,91.95,87.5,90.5,90.5,90.01,76686943,6902948226.6,170929,8465419,11.04
20-Mar-2019,90.5,91,94.15,89.35,93.8,93.55,91.87,65416389,6009891851.75,152364,6719229,10.27
22-Mar-2019,93.55,95.95,95.95,90.6,91.05,91.55,93.7,69603817,6522164413.5,167633,13351006,19.18
25-Mar-2019,91.55,89.55,91.25,89.2,90.4,90.3,90.25,30226076,2727976582.05,68050,3305295,10.94
26-Mar-2019,90.3,91.2,93.1,90.7,93.1,92.5,91.9,24611358,2261866869.25,60146,4376577,17.78
27-Mar-2019,92.5,93.5,95.05,92.8,93.1,93.4,93.85,44404743,4167333183.4,98145,6169120,13.89
28-Mar-2019,93.4,93.9,95.8,93.35,95.4,95.35,94.92,43461013,4125408079.7,89634,9952002,22.9
29-Mar-2019,95.35,95.8,97.55,95,95.25,95.5,96,39934180,3833597527.15,87014,5665498,14.19
01-Apr-2019,95.5,96.1,99.9,96.1,97.2,97.5,98.28,51690683,5080350787,117593,7431388,14.38
02-Apr-2019,97.5,97.65,99.8,96.05,98.6,98.3,98.19,52878919,5192400851.5,108171,6959555,13.16
03-Apr-2019,98.3,99.4,99.8,93.9,94.4,94.45,96.85,52523325,5087128001.6,109657,10103364,19.24
04-Apr-2019,94.45,94,95.75,92.85,93.7,93.65,94.24,45741687,4310589007.7,105400,5496413,12.02
05-Apr-2019,93.65,94.3,94.75,92,93.8,93.1,93.14,30275193,2819743306.85,74935,4156634,13.73
08-Apr-2019,93.1,93.75,95,92.3,93.2,93.1,93.59,34248451,3205163748.55,79333,6552424,19.13
09-Apr-2019,93.1,93.2,94.65,91.6,94.25,94.35,93.06,35537791,3307195966.15,82773,4937460,13.89
10-Apr-2019,94.35,94,94.95,93.05,93.3,93.35,94.05,24772662,2329969596.15,58495,3381048,13.65
11-Apr-2019,93.35,93.4,93.55,92,92.65,92.7,92.69,20082380,1861402353.1,50109,2923261,14.56
12-Apr-2019,92.7,92.8,93.6,92.2,93.35,93.35,92.91,20151855,1872290756.9,45092,2988762,14.83
15-Apr-2019,93.35,93.8,94.45,93,93.7,93.85,93.79,17833602,1672626217.05,37969,3912386,21.94
16-Apr-2019,93.85,93.5,93.95,92.35,92.6,92.8,93.19,16776973,1563434598.45,37984,2455901,14.64
18-Apr-2019,92.8,92.55,92.8,89.7,90,90.05,90.72,24453025,2218413077.65,56615,5154445,21.08
22-Apr-2019,90.05,89.9,90,86.15,86.5,86.65,88.32,22607916,1996658638.25,61840,3994893,17.67
23-Apr-2019,86.65,86.55,89,86.5,87.3,87.2,87.91,26099019,2294305026.5,59387,2148393,8.23
24-Apr-2019,87.2,87.7,88.8,86.75,88.7,88.35,87.7,20354853,1785092802.8,45173,2008365,9.87
25-Apr-2019,88.35,88,89.15,86.05,86.45,86.75,87.83,20631056,1812032873.3,42245,3336878,16.17
26-Apr-2019,86.75,87.45,88.4,86.45,88.25,88.15,87.31,20387608,1780126726.25,38907,2213013,10.85
30-Apr-2019,88.15,88.15,88.15,83.6,84.95,84.9,84.95,26321705,2235973315.15,64896,3590837,13.64
02-May-2019,84.9,84.25,87.85,84,86.4,86.1,86.64,27331709,2368131376.55,54834,2773924,10.15
03-May-2019,86.1,86.95,87.8,86.3,87.3,87.15,87.13,20112657,1752334266.05,50336,1714096,8.52
06-May-2019,87.15,86.35,87.55,85.6,86.1,86.25,86.59,17151414,1485157428.7,40056,2442594,14.24
07-May-2019,86.25,86.7,87.15,83.4,84.05,83.95,85.62,16356567,1400418264.15,37679,2333933,14.27
08-May-2019,83.95,83.75,85.4,83.25,84.05,83.95,84.43,23380690,1974095460.3,52244,2674859,11.44
09-May-2019,83.95,84.1,85.35,82.8,84.5,84.25,84.3,22934344,1933317206.7,44704,2025433,8.83
10-May-2019,84.25,85,87.25,84.4,86,86.25,85.53,21821500,1866352520.3,44879,1950720,8.94
13-May-2019,86.25,86.15,86.2,79.05,79.9,79.8,82.13,34293332,2816529415.2,88162,7102109,20.71
14-May-2019,79.8,79.25,83.6,78.25,83.5,82.95,81.59,31711482,2587423290,72407,4406727,13.9
15-May-2019,82.95,82.95,83.45,81.9,82.25,82.3,82.69,21976945,1817324550.1,39331,3217900,14.64
16-May-2019,82.3,82.95,82.95,79.4,81.5,81,80.78,23116401,1867290681,59706,3160168,13.67
17-May-2019,81,80.6,83.4,79.35,82.7,82.75,81.37,26209661,2132677598.6,49801,2122366,8.1
20-May-2019,82.75,86.5,89.35,85.55,88.4,88.35,87.63,34758878,3045756422.05,73872,4014362,11.55
21-May-2019,88.35,88.45,89,84.9,85.3,86.1,87.26,23867211,2082705477.15,54400,2475412,10.37
22-May-2019,86.1,85.6,85.7,82.65,84.9,84.6,84.2,31628934,2663050885.2,70717,3522554,11.14
23-May-2019,84.6,87,89.75,83,83.95,83.7,86.79,47589021,4130475024.55,104717,5612525,11.79
24-May-2019,83.7,84.4,88.85,84.05,88.5,88.2,86.51,32158634,2782088685.85,79884,4692945,14.59
27-May-2019,88.2,87.9,91.2,87.65,89.3,89.25,89.29,34857012,3112433507.15,82578,4806030,13.79
28-May-2019,89.25,90.2,90.9,85.1,86.1,86.2,88.25,86522613,7635729322.9,217147,8644751,9.99
29-May-2019,86.2,85,85.4,81.3,81.9,81.75,82.89,51078577,4233782818.25,127412,10792743,21.13
30-May-2019,81.75,82.35,83.05,80.7,81.9,81.45,81.87,37358698,3058689646.85,86061,6626357,17.74
31-May-2019,81.45,82.2,82.9,79.6,80.5,80.65,81.1,35572365,2884800753.05,86253,4837149,13.6
03-Jun-2019,80.65,80.7,82.4,79.35,82.15,82.05,81.14,29457340,2390131327,74771,3140914,10.66
04-Jun-2019,82.05,81.9,83.9,81.5,82.35,82.4,82.86,31249718,2589414852.5,69413,3830309,12.26
06-Jun-2019,82.4,81,82.35,79.2,79.5,79.55,80.62,35181677,2836490391.3,84125,6012244,17.09
07-Jun-2019,79.55,79.1,79.9,77.6,78.95,79.2,78.97,33275828,2627862694.55,70797,4244481,12.76
10-Jun-2019,79.2,80.4,80.7,76.7,77.65,77.35,78.15,29534574,2308083137.9,70303,3614630,12.24
11-Jun-2019,77.35,77.95,79.15,76.85,78.45,78.6,78.16,25936557,2027271932,55702,3868167,14.91
12-Jun-2019,78.6,78.45,79.9,78.15,79.3,79.2,79.06,23155948,1830819524.35,54003,2276536,9.83
13-Jun-2019,79.2,77.15,77.95,73.6,76.35,76.2,75.49,49608986,3745017083.55,120108,5225344,10.53
14-Jun-2019,76.2,76.4,77.8,76.2,76.35,76.75,76.94,22721581,1748256175.2,51472,2408558,10.6
17-Jun-2019,76.75,77,77.4,75.65,75.95,75.95,76.56,18921910,1448755088.35,43226,1928492,9.76
18-Jun-2019,75.95,75.45,77.35,74.55,75.3,75.45,76.04,26823879,2039582857.35,56878,1676799,6.01
19-Jun-2019,75.45,75.25,76.3,74,75.2,75.4,75.3,34490842,2597163997.65,62547,5319429,15.42
20-Jun-2019,75.4,75.8,77.25,75,77.1,76.95,76.14,22588627,1719924002.85,46353,2871872,12.71
21-Jun-2019,76.95,76.85,78.15,76.25,76.8,76.9,77.21,25095277,1937638616.5,47558,5158763,20.56
24-Jun-2019,76.9,77,77.6,76.3,76.7,76.85,76.99,17893572,1377612114.3,30998,3390947,18.95
25-Jun-2019,76.85,76.7,77.55,76.3,77.15,77.1,77.08,16276002,1254554240.5,36877,1572896,9.66
26-Jun-2019,77.1,77.15,79.45,76.65,78.7,78.9,77.78,21804139,1695998541.4,42621,2908964,13.34
27-Jun-2019,78.9,79,79.85,77.7,77.9,78,78.78,23598349,1859132102.45,48728,4632957,19.63
28-Jun-2019,78,78.5,81.7,78,79.8,79.55,80.22,47346971,3798121263.65,98894,5983219,12.64
01-Jul-2019,79.55,80,81.2,78.9,80.9,80.85,80.12,26338247,2110224600.95,50520,2526096,9.59
02-Jul-2019,80.85,80.9,81.15,79.7,80.2,80.35,80.47,17961136,1445313617.3,32264,1782907,9.93
03-Jul-2019,80.35,80.4,81.6,80,81.4,81.25,80.98,20020055,1621196171.4,40753,2322146,11.6
04-Jul-2019,81.25,81.5,83.3,81.5,81.9,82.05,82.42,26764988,2206045195.2,54738,3146808,11.76
05-Jul-2019,82.05,82.5,83.4,80.85,81.25,81.8,82.18,40061878,3292195667.2,80650,3899779,9.73
08-Jul-2019,81.8,76.3,77.95,72.4,72.6,72.8,74.18,87010832,6454533788.35,179353,12735414,14.64
09-Jul-2019,72.8,71.8,74.65,71,74.45,74.35,73.5,43627267,3206523150.5,92488,3425018,7.85
10-Jul-2019,74.35,74.8,74.9,72,72.8,72.75,73.05,24105866,1760960875.65,60318,2507036,10.4
11-Jul-2019,72.75,73.05,74.85,72.75,74.55,74.55,73.83,20781285,1534248859.4,51920,2448298,11.78
12-Jul-2019,74.55,74.6,75.9,73.6,75.6,75.4,75.04,22566078,1693304937.65,49143,2891992,12.82
15-Jul-2019,75.4,75,75.25,72.7,73.7,73.45,73.6,21449333,1578605560.75,47133,3933019,18.34
16-Jul-2019,73.45,73.9,76.15,73.6,75.65,75.75,74.77,17846669,1334443817.35,37151,2413586,13.52
17-Jul-2019,75.75,75.8,76.15,74.4,75.5,75.35,75.25,18013838,1355480722.15,39194,1700182,9.44
18-Jul-2019,75.35,75.35,75.75,72.45,73.3,73.2,73.94,19957328,1475651963.9,46313,3440458,17.24
19-Jul-2019,73.2,73.55,73.8,72.3,72.45,72.8,72.88,16487819,1201702830.05,34921,1894823,11.49
22-Jul-2019,72.8,72.7,73.55,71.45,72.4,72.5,72.38,16500579,1194230758.75,37579,1425934,8.64
23-Jul-2019,72.5,72.8,73,68,68.25,68.4,70.26,35441004,2490035098.4,80669,8666613,24.45
24-Jul-2019,68.4,68.4,69.8,67.75,67.95,68.2,68.72,25494368,1752048069.4,65169,2487059,9.76
25-Jul-2019,68.2,68.4,69,65.6,66.1,66.05,66.83,25800387,1724148952.65,68357,5446074,21.11
26-Jul-2019,66.05,66.5,69.65,65.95,68.15,68,67.97,58777562,3994880436.1,147882,4582967,7.8
29-Jul-2019,68,68.85,70.3,67.65,68.9,69.3,68.93,37353477,2574864725.35,85645,4242242,11.36
30-Jul-2019,69.3,69.2,69.65,66.3,67,66.9,67.7,27726952,1877188706.05,64259,3865108,13.94
31-Jul-2019,66.9,67,69.5,66.6,69.3,69.2,68.33,27462579,1876548053.9,54551,4432200,16.14
01-Aug-2019,69.2,69,69.2,66.4,67.9,67.5,67.69,21663053,1466341256.05,46641,2135583,9.86
02-Aug-2019,67.5,67.5,68.9,66.7,67.6,67.65,67.8,29730137,2015792561.15,58136,1973996,6.64
05-Aug-2019,67.65,67,68.25,64.4,66.75,66.6,66.59,32274653,2149072743.8,65389,4548607,14.09
06-Aug-2019,66.6,66.7,68.35,66.1,68.15,67.95,67.5,26632468,1797708507.55,54898,2100369,7.89
07-Aug-2019,67.95,68.25,68.7,63.55,64.4,64.05,66.14,40538912,2681237704.2,93494,8651602,21.34
08-Aug-2019,64.05,64.6,66.9,64.2,66.7,66.65,65.53,27336537,1791288065.25,58710,3624311,13.26
09-Aug-2019,66.65,66.75,67.55,65.55,66.7,66.55,66.66,21976833,1465064724.7,45842,3060439,13.93
13-Aug-2019,66.55,66.7,67.55,65.05,65.3,65.35,66.12,17405138,1150883529.8,40540,2454041,14.1
14-Aug-2019,65.35,65.9,66.35,64.9,65.45,65.55,65.68,18151481,1192110585.6,36927,1632149,8.99
16-Aug-2019,65.55,65.55,68.45,64.95,68,68.1,67.01,25110812,1682799333.8,52521,4151518,16.53
19-Aug-2019,68.1,67.95,69.1,66.9,67.45,67.3,67.84,20209221,1371019918.75,48727,1879608,9.3
20-Aug-2019,67.3,67.5,67.75,64.6,65.65,65.6,65.73,17727108,1165152973.4,38813,1888776,10.65
21-Aug-2019,65.6,65.75,66.4,63.25,64.05,64.05,64.82,19166301,1242282794.1,38278,3276704,17.1
22-Aug-2019,64.05,64.1,64.3,61.1,61.85,61.45,62.67,18829140,1180075142,42254,1984108,10.54
23-Aug-2019,61.45,61.5,64,60.95,63.35,63.6,62.8,20845415,1309047187.15,42895,2530689,12.14
26-Aug-2019,63.6,68,68,63.4,65.7,65.75,65.17,31694402,2065372592.3,68918,2883674,9.1
27-Aug-2019,65.75,66.8,68.2,66.3,67.35,67.15,67.32,22567673,1519229689.8,65483,3548831,15.73
28-Aug-2019,67.15,67.3,67.95,64.9,65.7,65.65,66.38,17166214,1139442202.9,38299,3308203,19.27
29-Aug-2019,65.65,65.55,66.15,63.75,64.8,65.05,65.06,14663681,954052864.15,35916,1757357,11.98
30-Aug-2019,65.05,65.25,65.9,63.35,65,64.9,64.61,25573307,1652191429.4,55929,4492114,17.57
03-Sep-2019,64.9,62,62.4,59.05,59.1,59.4,60.36,68369998,4126549100.1,152359,14262161,20.86
04-Sep-2019,59.4,59.9,60.35,58.7,59.9,59.9,59.74,34213414,2043956652.55,73597,3206362,9.37
05-Sep-2019,59.9,61.65,61.9,60.5,61.1,61.1,61.15,30641680,1873633962.1,68950,3214070,10.49
06-Sep-2019,61.1,61.35,61.6,60.8,61.3,61.3,61.24,19597727,1200262317.4,38690,2067738,10.55
09-Sep-2019,61.3,61.3,62.85,60.65,62.7,62.6,61.93,21700960,1344045952.3,41466,3541607,16.32
11-Sep-2019,62.6,62.6,65,62.6,64.6,64.85,64.12,24414845,1565430156.85,47644,4045392,16.57
12-Sep-2019,64.85,64.55,65.5,64.25,64.5,64.55,64.83,21906448,1420237977.85,46679,2505752,11.44
13-Sep-2019,64.55,64.55,65.2,62.8,64.9,64.9,64.23,21379499,1373131441.85,41613,1677268,7.85
16-Sep-2019,64.9,64.15,65.65,63.8,64.5,64.55,64.77,16196194,1048978264.8,32075,1468451,9.07
17-Sep-2019,64.55,64.7,65,62.15,62.3,62.4,63.52,16357780,1039004688.1,37975,2969129,18.15
18-Sep-2019,62.4,62.85,63.5,62.5,62.9,62.95,63.04,16492807,1039760493.6,27973,1356323,8.22
19-Sep-2019,62.95,62.9,63,61.05,62.1,61.95,61.82,18163200,1122927755.15,33781,1826046,10.05
20-Sep-2019,61.95,61.95,66.8,61.4,65.65,65.7,64.47,47299267,3049302827.35,76479,6566731,13.88
23-Sep-2019,65.7,67,68,64.9,66.7,66.85,66.62,33276056,2216991634.45,64828,3894438,11.7
24-Sep-2019,66.85,66.5,67.1,65.55,66,66.15,66.22,19184229,1270320073.3,34563,1357516,7.08
25-Sep-2019,66.15,65.5,65.6,62.65,63,63.3,64.1,18395852,1179137249.05,37032,3016904,16.4
26-Sep-2019,63.3,63.6,65.6,62.6,62.9,62.8,63.66,48382199,3080124428.95,61578,16387682,33.87
27-Sep-2019,62.8,62.9,63.7,62.35,62.85,62.85,62.97,22426450,1412276447.9,42129,2713221,12.1
30-Sep-2019,62.85,63.25,63.35,61.05,61.7,61.95,61.93,22597574,1399477790.7,43972,4086102,18.08
01-Oct-2019,61.95,62.95,62.95,56.35,58.8,58.7,59.91,34976291,2095387551.2,62648,4364336,12.48
03-Oct-2019,58.7,58.5,59.95,57.85,59.2,59.05,59.07,22655441,1338247384.45,39780,1668716,7.37
04-Oct-2019,59.05,59.6,59.95,57.7,57.7,57.95,58.69,25074289,1471539206.35,43867,2727961,10.88
07-Oct-2019,57.95,58,58.2,56.95,57.05,57.25,57.4,19987686,1147362586.85,32406,2830555,14.16
09-Oct-2019,57.25,57.25,58.8,56.4,58.5,58.45,57.76,26996456,1559366243.35,43248,4431710,16.42
10-Oct-2019,58.45,58.05,58.2,56.2,56.55,56.45,56.99,22677919,1292439737.55,41475,2809661,12.39
11-Oct-2019,56.45,56.65,57.5,55.7,57.1,56.9,56.51,24739349,1398128500.85,42629,1588368,6.42
14-Oct-2019,56.9,57.2,58.4,56.75,57.3,57.3,57.65,17778101,1024904132.85,30925,2048238,11.52
15-Oct-2019,57.3,57.3,58.15,56.7,57.9,57.9,57.43,14261673,819113200.25,24413,1426549,10
16-Oct-2019,57.9,58.15,58.8,57.05,57.25,57.35,57.87,15653116,905825484.7,26099,1663821,10.63
17-Oct-2019,57.35,57.4,59.3,57.05,59,59.05,58.03,21574463,1252031253.4,34604,3501172,16.23
18-Oct-2019,59.05,58.9,60.7,58.5,60.35,60.25,59.95,16943401,1015793405.05,33301,1976969,11.67
22-Oct-2019,60.25,60.25,62.25,59.9,60.85,60.75,61.13,19791117,1209904105.9,36347,2494409,12.6
23-Oct-2019,60.75,60.75,61.95,59.85,61.4,61.3,61.08,16038768,979682526.95,28821,1410070,8.79
24-Oct-2019,61.3,61.6,61.85,59.15,59.75,59.75,60.48,17901412,1082599677.35,33073,1675168,9.36
25-Oct-2019,59.75,59.5,61.25,58.7,60.6,60.7,59.98,26581062,1594220691.55,44122,4683333,17.62
